{"initial_reset_timestamp": 1594261054.4131935, "timestamps": [1594261062.5476518], "episode_lengths": [200], "episode_rewards": [-944.6540200414343], "episode_types": ["t"]}