{"initial_reset_timestamp": 1594247637.4360976, "timestamps": [1594247646.5574822], "episode_lengths": [200], "episode_rewards": [-814.3543929744948], "episode_types": ["t"]}