{"initial_reset_timestamp": 1595223115.861039, "timestamps": [1595223164.3353057], "episode_lengths": [1000], "episode_rewards": [-1772.3892853799362], "episode_types": ["t"]}